<?xml version='1.0' encoding='UTF-8'?>  
<!DOCTYPE hibernate-mapping PUBLIC  
 "-//Hibernate/Hibernate Mapping DTD 3.0//EN"  
 "http://hibernate.sourceforge.net/hibernate-mapping-3.0.dtd">  
  
 <hibernate-mapping>  
  <class name="pojos.example1.Emp" table="Employees">  
    <id name="empId" column="empno">  
     <generator class="assigned"></generator>  
    </id>  
            
    <property name="empName" column="name"></property>
    <property name="basic" column="basic"></property>  
            
  </class>  
            
 </hibernate-mapping>