<?xml version="1.0" encoding="utf-8"?>
<!DOCTYPE hibernate-configuration SYSTEM 
"http://www.hibernate.org/dtd/hibernate-configuration-3.0.dtd">

<hibernate-configuration>
	<session-factory>
	 <property name="hibernate.dialect">
			org.hibernate.dialect.MySQLDialect
		</property>
		<property name="hibernate.connection.driver_class">
			com.mysql.jdbc.Driver
		</property> 

		<!-- Assume test is the database name -->
		<property name="hibernate.connection.url">
			jdbc:mysql://localhost:3306/hibdemo
		</property>
		<property name="hibernate.connection.username">
			root
		</property>
		<property name="hibernate.connection.password">
			password-1
		</property>
		<property name="hbm2ddl.auto">
			update			
		</property>
		<property name="show_sql">
			true			
		</property>

		<!-- List of XML mapping files -->
 <!-- 		<mapping resource="conf/Emp.hbm.xml" /> 
		<mapping resource="conf/tabPerClassHirarchy.hbm.xml" /> -->
	<!--  	<mapping resource="conf/tabPerSubClass.hbm.xml" />
		<mapping resource="conf/one2one.hbm.xml" /> -->
<!--		<mapping resource="conf/one2many.hbm.xml" /> 
 		<mapping resource="conf/many2many.hbm.xml" />-->

	</session-factory>
</hibernate-configuration>
