<?xml version='1.0' encoding='UTF-8'?>  
<!DOCTYPE hibernate-mapping PUBLIC  
 "-//Hibernate/Hibernate Mapping DTD 3.0//EN"  
 "http://hibernate.sourceforge.net/hibernate-mapping-3.0.dtd">  
  
 <hibernate-mapping>  
  <class name="pojos.example3.many2many.Artist" table="artists">  
    <id name="aId">  
     <generator class="assigned"></generator>  
    </id>  
            
    <property name="aName"></property>
    
    <set name="movies" inverse="false">
         <key column="aid"/>
         <many-to-many class="pojos.example3.many2many.Movie">
         	<column name="mid"></column>
         </many-to-many>
      </set>
            
  </class>
    
  <class name="pojos.example3.many2many.Movie" table="movies">  
    <id name="mId">  
     <generator class="assigned"></generator>  
    </id>  
            
    <property name="mName"></property>
    
    <set name="artists" table="moviesartists" cascade="all" inverse="true">
         <key column="mid"/>
         <many-to-many class="pojos.example3.many2many.Artist">
         	<column name="aid"></column>
         </many-to-many>
      </set>
            
  </class>
 
            
 </hibernate-mapping>