<?xml version='1.0' encoding='UTF-8'?>  
<!DOCTYPE hibernate-mapping PUBLIC  
 "-//Hibernate/Hibernate Mapping DTD 3.0//EN"  
 "http://hibernate.sourceforge.net/hibernate-mapping-3.0.dtd">  
  
 <hibernate-mapping>  
  <class name="pojos.example3.one2many.Course" table="courses">  
    <id name="cId">  
     <generator class="assigned"></generator>  
    </id>  
            
    <property name="cName"></property>
    
    <set name="students" cascade="all">
         <key column="cid"/>
         <one-to-many class="pojos.example3.one2many.Student"/>
      </set>
            
  </class>
  
  <class name="pojos.example3.one2many.Student" table="studs">  
    <id name="admNo">  
     <generator class="assigned"></generator>   
    </id>       
    <property name="sName"></property>
    <set name="courses" cascade="all">
         <many-to-one class="pojos.example3.one2many.Course"/>
      </set>
            
  </class>  
            
 </hibernate-mapping>