<?xml version='1.0' encoding='UTF-8'?>  
<!DOCTYPE hibernate-mapping PUBLIC  
 "-//Hibernate/Hibernate Mapping DTD 3.0//EN"  
 "http://hibernate.sourceforge.net/hibernate-mapping-3.0.dtd">  
  
 <hibernate-mapping>  
  <class name="pojos.example3.one2one.Custmer" table="customer">  
    <id name="aadhar">  
     <generator class="assigned"></generator>  
    </id>  
            
    <property name="name"></property>
    <one-to-one name="account" cascade="all"></one-to-one>
            
  </class>
  
  <class name="pojos.example3.one2one.BankAccount" table="bankaccount">  
    <id name="aadhar">  
     <generator class="foreign">  
          <param name="property">custmer</param>
      </generator>  
     
    </id>  
            
    <property name="accno"></property>
    <one-to-one name="custmer"></one-to-one>
            
  </class>  
            
 </hibernate-mapping>