<?xml version='1.0' encoding='UTF-8'?>  
<!DOCTYPE hibernate-mapping PUBLIC  
 "-//Hibernate/Hibernate Mapping DTD 3.0//EN"  
 "http://hibernate.sourceforge.net/hibernate-mapping-3.0.dtd">

<hibernate-mapping>
	<class name="pojos.example2.Emp" table="AllEmployees" 
	discriminator-value="Emp">
		<id name="empNo">
			<generator class="assigned"></generator>
		</id>

		<discriminator column="emptype" type="string"></discriminator>
		<property name="eName" column="name"></property>
		<property name="sal"></property>

		<subclass name="pojos.example2.Manager" discriminator-value="mgr">
			<property name="hra"></property>
		</subclass>		

		<subclass name="pojos.example2.ContractEmp" discriminator-value="cemp">
			<property name="contractDur" column="cDur"></property>
		</subclass>
	</class>

</hibernate-mapping>