<?xml version='1.0' encoding='UTF-8'?>  
<!DOCTYPE hibernate-mapping PUBLIC  
 "-//Hibernate/Hibernate Mapping DTD 3.0//EN"  
 "http://hibernate.sourceforge.net/hibernate-mapping-3.0.dtd">

<hibernate-mapping>
	<class name="pojos.example2.Emp" table="emp">
		<id name="empNo">
			<generator class="assigned"></generator>
		</id>

		
		<property name="eName"></property>
		<property name="sal"></property>

		<joined-subclass name="pojos.example2.Manager" table="mgr">
			<key column="empNo"></key>
			<property name="hra"></property>
		</joined-subclass>		

		<joined-subclass name="pojos.example2.ContractEmp" table="cemp">
			<key column="empNo"></key>
			<property name="contractDur" column="cdur"></property>
		</joined-subclass>
	</class>

</hibernate-mapping>